X,system
-8.0,1.0
-7.9,1.0
-7.800000000000001,1.0
-7.700000000000001,1.0
-7.600000000000001,1.0
-7.500000000000002,1.0
-7.400000000000002,1.0
-7.3000000000000025,1.0
-7.200000000000003,1.0
-7.100000000000003,1.0
-7.0000000000000036,1.0
-6.900000000000004,1.0
-6.800000000000004,1.0
-6.700000000000005,1.0
-6.600000000000005,1.0
-6.500000000000005,1.0
-6.400000000000006,1.0
-6.300000000000006,1.0
-6.200000000000006,1.0
-6.100000000000007,1.0
-6.000000000000007,1.0
-5.9000000000000075,1.0
-5.800000000000008,1.0
-5.700000000000008,1.0
-5.6000000000000085,1.0
-5.500000000000009,1.0
-5.400000000000009,1.0
-5.30000000000001,1.0
-5.20000000000001,1.0
-5.10000000000001,1.0
-5.000000000000011,1.0
-4.900000000000011,1.0
-4.800000000000011,1.0
-4.700000000000012,1.0
-4.600000000000012,1.0
-4.500000000000012,1.0
-4.400000000000013,1.0
-4.300000000000013,1.0
-4.2000000000000135,1.0
-4.100000000000014,1.0
-4.000000000000014,1.0
-3.900000000000014,1.0
-3.800000000000014,1.0
-3.700000000000014,1.0
-3.600000000000014,1.0
-3.5000000000000138,1.0
-3.4000000000000137,1.0
-3.3000000000000136,1.0
-3.2000000000000135,1.0
-3.1000000000000134,1.0
-3.0000000000000133,1.0
-2.9000000000000132,1.0
-2.800000000000013,1.0
-2.700000000000013,1.0
-2.600000000000013,1.0
-2.500000000000013,1.0
-2.400000000000013,1.0
-2.3000000000000127,1.0
-2.2000000000000126,1.0
-2.1000000000000125,1.0
-2.0000000000000124,1.0
-1.9000000000000123,1.0
-1.8000000000000123,1.0
-1.7000000000000122,1.0
-1.600000000000012,1.0
-1.500000000000012,1.0
-1.400000000000012,1.0
-1.3000000000000118,1.0
-1.2000000000000117,1.0
-1.1000000000000116,1.0
-1.0000000000000115,1.0
-0.9000000000000116,1.0
-0.8000000000000116,1.0
-0.7000000000000116,1.0
-0.6000000000000116,1.0
-0.5000000000000117,1.0
-0.4000000000000117,1.0
-0.3000000000000117,1.0
-0.2000000000000117,1.0
-0.10000000000001169,1.0
-1.1685097334179773E-14,1.0
0.09999999999998832,0.47798729740323603
0.19999999999998833,-0.08416399336956291
0.29999999999998833,-0.27719534223553766
0.39999999999998836,-0.2494906754303622
0.49999999999998834,-0.15395198231831228
0.5999999999999883,-0.07511000984903786
0.6999999999999883,-0.02866919404390156
0.7999999999999883,-0.007486707175518771
0.8999999999999883,-8.13439233813677E-4
0.9999999999999882,-1.1438595901512429E-42
1.0999999999999883,6.03144776314057E-4
1.1999999999999884,0.004140667872819864
1.2999999999999885,0.011978639996379924
1.3999999999999886,0.024372151176511613
1.4999999999999887,0.04085057303372874
1.5999999999999888,0.060644021757483055
1.6999999999999889,0.08278774333852307
1.799999999999989,0.10621970534696971
1.899999999999989,0.13043461834192793
1.9999999999999891,0.15425501915039225
2.099999999999989,0.1771114317796984
2.199999999999989,0.19848495486003745
2.299999999999989,0.21795629465404417
2.3999999999999893,0.23521246037287202
2.4999999999999893,0.250030284105524
2.5999999999999894,0.2622927493602174
2.6999999999999895,0.2719616342519079
2.7999999999999896,0.27902172462511604
2.8999999999999897,0.28351877952272675
2.99999999999999,0.285596316780837
3.09999999999999,0.2853581815928249
3.19999999999999,0.2829494078613203
3.29999999999999,0.27857368646678193
3.39999999999999,0.27240330496372883
3.4999999999999902,0.264718276575804
3.5999999999999903,0.25558220450755115
3.6999999999999904,0.2452545728667146
3.7999999999999905,0.23375317038287285
3.8999999999999906,0.22157431312862677
3.9999999999999907,0.20877862352399776
4.099999999999991,0.19554376071079124
4.19999999999999,0.1820271687915196
4.29999999999999,0.16838404054967188
4.39999999999999,0.1547586728670111
4.499999999999989,0.1412838071589839
4.599999999999989,0.12807130596817717
4.699999999999989,0.11523804850513618
4.799999999999988,0.10287483949767823
4.899999999999988,0.09106359953641711
4.999999999999988,0.07989591507729707
5.099999999999987,0.0694002105053666
5.199999999999987,0.059635749509788345
5.2999999999999865,0.05063812382293531
5.399999999999986,0.04239289243633877
5.499999999999986,0.03497237807612497
5.599999999999985,0.028353801664247093
5.699999999999985,0.022570497551724307
5.799999999999985,0.017538582360775015
5.899999999999984,0.013228171262633292
5.999999999999984,0.009656287149728094
6.099999999999984,0.006781300967058631
6.199999999999983,0.004507575474559405
6.299999999999983,0.002774583186013622
6.399999999999983,0.0015501000949514493
6.499999999999982,7.565525462942166E-4
6.599999999999982,2.8151526957903973E-4
6.6999999999999815,6.616541537095143E-5
6.799999999999981,2.9497232834369108E-6
6.899999999999981,-1.361307705653376E-6
6.9999999999999805,-5.158158269008105E-5
7.09999999999998,-2.6343986041284993E-4
7.19999999999998,-7.289265524877806E-4
7.299999999999979,-0.0015851527699821872
7.399999999999979,-0.0029526695444341195
7.499999999999979,-0.0049481811108984895
7.599999999999978,-0.007807419277052715
7.699999999999978,-0.011502421283712351
7.799999999999978,-0.01623915638800599
7.899999999999977,-0.021903301060612602
7.999999999999977,-0.0293841465643083
8.099999999999977,-0.038075842341336555
8.199999999999976,-0.048377449284639135
8.299999999999976,-0.0604378164859084
8.399999999999975,-0.07440604062365103
8.499999999999975,-0.0904357310752501
8.599999999999975,-0.10867992384319469
8.699999999999974,-0.12929345356684427
8.799999999999974,-0.15243220886164854
8.899999999999974,-0.17825291014516007
8.999999999999973,-0.20691287444444145
9.099999999999973,-0.23856976467164473
9.199999999999973,-0.2734322680707519
9.299999999999972,-0.3115890869480542
9.399999999999972,-0.35323201831240614
9.499999999999972,-0.3985239127936077
9.599999999999971,-0.4476284034374738
9.69999999999997,-0.5007099456633103
9.79999999999997,-0.5579338880098411
9.89999999999997,-0.619466576646114
9.99999999999997,-0.6851978854821025
10.09999999999997,-0.755727816776553
10.199999999999969,-0.8310268317532361
10.299999999999969,-0.9112528645610026
10.399999999999968,-0.9965624618968809
10.499999999999968,-1.087110477463521
10.599999999999968,-1.1830497268549456
10.699999999999967,-1.2853271967755346
10.799999999999967,-1.392795515211127
10.899999999999967,-1.5061931876813084
10.999999999999966,-1.6256867125418089
11.099999999999966,-1.7514440318156677
11.199999999999966,-1.8836349414880655
11.299999999999965,-2.020752296142281
11.399999999999965,-2.165755166465624
11.499999999999964,-2.3175452466854773
11.599999999999964,-2.4762607990055137
11.699999999999964,-2.642035419766084
11.799999999999963,-2.817855924201675
11.899999999999963,-2.9990647095645575
11.999999999999963,-3.187969814614999
12.099999999999962,-3.384746687692261
12.199999999999962,-3.5855358419796333
12.299999999999962,-3.7972904772059537
12.399999999999961,-4.017097210939225
12.499999999999961,-4.245062160522988
12.59999999999996,-4.4875639469061825
12.69999999999996,-4.734147689451479
12.79999999999996,-4.9897277825320305
12.89999999999996,-5.246475321741685
12.99999999999996,-5.518043079277598
13.099999999999959,-5.806771635762002
13.199999999999958,-6.098945965187776
13.299999999999958,-6.400939146033082
13.399999999999958,-6.700702418251121
13.499999999999957,-7.018870417657102
13.599999999999957,-7.360747091415026
13.699999999999957,-7.689547594425337
13.799999999999956,-8.037396319413027
13.899999999999956,-8.411656303128566
13.999999999999956,-8.768391912353714
14.099999999999955,-9.163206087512059
14.199999999999955,-9.55780306161504
14.299999999999955,-9.939794169348177
14.399999999999954,-10.354840256020765
14.499999999999954,-10.797917846458077
14.599999999999953,-11.211652678929193
14.699999999999953,-11.65871783763114
14.799999999999953,-12.116478166391717
14.899999999999952,-12.58501832840616
14.999999999999952,-13.064291570672722
15.099999999999952,-13.587091155206913
15.199999999999951,-14.091823394766518
15.299999999999951,-14.610344371322293
15.39999999999995,-15.139543323375774
15.49999999999995,-15.680987719730629
15.59999999999995,-16.236474652642904
15.69999999999995,-16.76084225744816
15.79999999999995,-17.33780056255644
15.899999999999949,-17.97387530564837
15.999999999999948,-18.57864566714223
16.099999999999948,-19.195634880372502
16.19999999999995,-19.825567726656327
16.29999999999995,-20.468548900707283
16.399999999999952,-21.124683144349333
16.499999999999954,-21.794075359542692
16.599999999999955,-22.476830724254352
16.699999999999957,-23.173054811118156
16.799999999999958,-23.8826656197341
16.89999999999996,-24.606025278592885
16.99999999999996,-25.343121128100652
17.099999999999962,-26.094046688504807
17.199999999999964,-26.85889409393585
17.299999999999965,-27.63775404113586
17.399999999999967,-28.430715734345036
17.499999999999968,-29.237866826268732
17.59999999999997,-30.05929335504737
17.69999999999997,-30.895079677156655
17.799999999999972,-31.745308396164596
17.899999999999974,-32.61006028727956
17.999999999999975,-33.489414217619945
18.099999999999977,-34.383447062144526
18.199999999999978,-35.29223361518115
18.29999999999998,-36.217939111896634
18.39999999999998,-37.15700101996789
18.499999999999982,-38.11114380161357
18.599999999999984,-39.08045182541321
18.699999999999985,-40.065009126409876
18.799999999999986,-41.06489947549816
18.899999999999988,-42.08020645335213
18.99999999999999,-43.11101352907033
19.09999999999999,-44.15740414372179
19.199999999999992,-45.219461798971714
19.299999999999994,-46.29727015097611
19.399999999999995,-47.390913109729375
19.499999999999996,-48.50047494405712
19.599999999999998,-49.62604039244351
19.7,-50.76769477989009
19.8,-51.9255241409996
19.900000000000002,-53.09139902527835
20.000000000000004,-54.280311906995856
20.100000000000005,-55.48542429761405
20.200000000000006,-56.706795596216494
20.300000000000008,-57.94448344450622
20.40000000000001,-59.19854363894496
20.50000000000001,-60.469030036070606
20.600000000000012,-61.75599445066163
20.700000000000014,-63.05948654642002
20.800000000000015,-64.37955371882848
20.900000000000016,-65.71624096983606
21.000000000000018,-67.0695907740133
21.10000000000002,-68.43964293581901
21.20000000000002,-69.82643443760261
21.300000000000022,-71.24882789453943
21.400000000000023,-72.6721903292827
21.500000000000025,-74.112796531603
21.600000000000026,-75.57071882256326
21.700000000000028,-77.0460305229634
21.80000000000003,-78.53880611364639
21.90000000000003,-80.0491214069926
22.000000000000032,-81.57705373021967
22.100000000000033,-83.12268212113622
22.200000000000035,-84.68608753701575
22.300000000000036,-86.26735307728892
22.400000000000038,-87.86656422077533
22.50000000000004,-89.44994213633805
22.60000000000004,-91.08032123204217
22.700000000000042,-92.72827039270277
22.800000000000043,-94.39381377335484
22.900000000000045,-96.07697218822827
23.000000000000046,-97.7777628667918
23.100000000000048,-99.49619919097817
23.20000000000005,-101.23229041249064
23.30000000000005,-102.98604134903059
23.400000000000052,-104.75745205824803
23.500000000000053,-106.59794107258818
23.600000000000055,-108.41199518170286
23.700000000000056,-110.24461507773019
23.800000000000058,-112.09588408920766
23.90000000000006,-113.96588925951971
24.00000000000006,-115.85472175084358
24.100000000000062,-117.76247727984435
24.200000000000063,-119.68925658724113
24.300000000000065,-121.63516594349056
24.400000000000066,-123.52391993169964
24.500000000000068,-125.49766577467075
24.60000000000007,-127.489527671358
24.70000000000007,-129.4994832179766
24.80000000000007,-131.52750281226872
24.900000000000073,-133.57354901700654
25.000000000000075,-135.63757587042994
25.100000000000076,-137.81600404031792
25.200000000000077,-139.92955468490862
25.30000000000008,-142.0626720250164
25.40000000000008,-144.2154772938287
25.50000000000008,-146.3881008881628
25.600000000000083,-148.5806833417064
25.700000000000085,-150.67654269776972
25.800000000000086,-152.8925495506398
25.900000000000087,-155.12674892971071
26.00000000000009,-157.37905872559838
26.10000000000009,-159.64938299026588
26.20000000000009,-162.07123973377335
26.300000000000093,-164.3971587214174
26.400000000000095,-166.7434464585897
26.500000000000096,-169.11028241844122
26.600000000000097,-171.4978637422428
26.7000000000001,-173.74225832074825
26.8000000000001,-176.14695540183965
26.9000000000001,-178.5695701761679
27.000000000000103,-181.0099287948484
27.100000000000104,-183.65396117029027
27.200000000000106,-186.15844389421056
27.300000000000107,-188.6842688887247
27.40000000000011,-191.03972990122244
27.50000000000011,-193.57782442828469
27.60000000000011,-196.1334510951089
27.700000000000113,-198.91339950870537
27.800000000000114,-201.53812533533667
27.900000000000116,-204.18494091169998
28.000000000000117,-206.62101890309012
28.10000000000012,-209.2726952707884
28.20000000000012,-212.17300739150437
28.30000000000012,-214.89969527423455
28.400000000000123,-217.64936117431873
28.500000000000124,-220.14055048527058
28.600000000000126,-222.88563586906375
28.700000000000127,-225.9455349821167
28.80000000000013,-228.50648197040698
28.90000000000013,-231.31002526208155
29.00000000000013,-234.43259613686965
29.100000000000133,-237.32810904677916
29.200000000000134,-239.90076744091948
29.300000000000136,-243.111676494479
29.400000000000137,-245.7422356614052
29.50000000000014,-248.98471296864196
29.60000000000014,-251.65493657221978
29.70000000000014,-254.9466975687883
29.800000000000143,-257.6388944191486
29.900000000000144,-260.99871078393085
30.000000000000146,-263.6924931658824
30.100000000000147,-266.7731387464888
30.20000000000015,-270.22217802714107
30.30000000000015,-273.32679611110865
30.40000000000015,-276.45703852093055
30.500000000000153,-279.6129591331823
30.600000000000154,-282.79509308157947
30.700000000000156,-285.5714593612278
30.800000000000157,-289.19698859220665
30.90000000000016,-291.98949682398495
31.00000000000016,-295.6807169080017
31.10000000000016,-298.9720477160458
31.200000000000163,-302.26627451140445
31.300000000000164,-305.57314462480053
31.400000000000166,-308.4241293444524
31.500000000000167,-312.2672333545507
31.60000000000017,-315.1366593749379
31.70000000000017,-319.0480511578901
31.80000000000017,-322.4641217521009
31.900000000000173,-325.902600743215
32.00000000000017,-329.3634428976874
32.10000000000017,-332.8402284202171
32.20000000000017,-336.3374830187177
32.300000000000175,-339.85521992113604
32.400000000000176,-343.39345279549474
32.50000000000018,-346.9521957730948
32.60000000000018,-350.5314634717639
32.70000000000018,-354.13127101916575
32.80000000000018,-357.7516340761453
32.90000000000018,-361.39256886012976
33.000000000000185,-365.0540921685692
33.100000000000186,-368.73622140242713
33.20000000000019,-372.43897458970713
33.30000000000019,-376.16237040902615
33.40000000000019,-379.90642821323127
33.50000000000019,-383.66964178252357
33.60000000000019,-387.45461815861967
33.700000000000195,-391.26021691460335
33.800000000000196,-395.08644567330003
33.9000000000002,-398.93331167340136
34.0000000000002,-402.8008217579952
34.1000000000002,-406.68898236276135
34.2000000000002,-410.59779950381767
34.3000000000002,-414.5272787652248
34.400000000000205,-418.4774252861544
34.500000000000206,-422.4482437477006
34.60000000000021,-426.43973835936794
34.70000000000021,-430.4519128451918
34.80000000000021,-434.4847704295337
34.90000000000021,-438.538313822525
35.00000000000021,-442.61254520516695
35.100000000000215,-446.7074662140816
35.200000000000216,-450.82307792592894
35.30000000000022,-454.95938084146906
35.40000000000022,-459.11637486928385
35.50000000000022,-463.29405930915635
35.60000000000022,-467.4924328351007
35.70000000000022,-471.7114934780525
35.800000000000225,-475.9512386082051
35.900000000000226,-480.21166491702036
36.00000000000023,-484.49276839887324
36.10000000000023,-488.79454433236623
36.20000000000023,-493.1169872612963
36.30000000000023,-497.46009097528173
36.40000000000023,-501.8238484900392
36.500000000000234,-506.22590197833574
36.600000000000236,-510.6331406348589
36.70000000000024,-515.0612276063014
36.80000000000024,-519.5101696741187
36.90000000000024,-523.9799737027901
37.00000000000024,-528.4706466536386
37.10000000000024,-532.9821955990668
37.200000000000244,-537.5146277371811
37.300000000000246,-542.0679504068061
37.40000000000025,-546.6421711029175
37.50000000000025,-551.237297492489
37.60000000000025,-555.8533374307408
37.70000000000025,-560.4902989778399
37.80000000000025,-565.1481904160078
37.900000000000254,-569.8270202670794
38.000000000000256,-574.5267973104962
38.10000000000026,-579.247530601763
38.20000000000026,-583.9892294913404
38.30000000000026,-588.7519036440153
38.40000000000026,-593.5355630587342
38.50000000000026,-598.340218088904
38.600000000000264,-603.1658794631867
38.700000000000266,-608.0125583067614
38.80000000000027,-612.8802661630978
38.90000000000027,-617.7690150162186
39.00000000000027,-622.6788173134595
39.10000000000027,-627.6096859887572
39.20000000000027,-632.5616344864388
39.300000000000274,-637.534676785541
39.400000000000276,-642.5288274246602
39.50000000000028,-647.544101527332
39.60000000000028,-652.580514827957
39.70000000000028,-657.6380836982767
39.80000000000028,-662.6460848611483
39.90000000000028,-667.7398915839249
40.000000000000284,-672.8544589262566
40.100000000000286,-677.9897790733839
40.20000000000029,-683.1458436936801
40.30000000000029,-688.3226439215791
40.40000000000029,-693.5201703399209
40.50000000000029,-698.7384129616875
40.60000000000029,-703.9773612111082
40.700000000000294,-709.2370039041296
40.800000000000296,-714.5173292282534
40.9000000000003,-719.8183247216947
41.0000000000003,-725.1399772518856
41.1000000000003,-730.4822729932894
41.2000000000003,-735.8451974045106
41.3000000000003,-741.2287352047078
41.400000000000304,-746.6328703492734
41.500000000000306,-752.0575860047827
41.60000000000031,-757.5028645231989
41.70000000000031,-762.9686874153001
41.80000000000031,-768.4550353233499
41.90000000000031,-773.9618879929762
42.00000000000031,-779.4892242442296
42.100000000000314,-785.037021941858
42.200000000000315,-790.6052579647236
42.30000000000032,-796.1939081743918
42.40000000000032,-801.8029473828651
42.50000000000032,-807.4323493194427
42.60000000000032,-813.2330320762204
42.70000000000032,-818.9143018537313
42.800000000000324,-824.6165736430961
42.900000000000325,-830.3398564084372
43.00000000000033,-836.0841596810169
43.10000000000033,-841.849493588075
43.20000000000033,-847.6358688825601
43.30000000000033,-853.4432969738463
43.40000000000033,-859.2717899594361
43.500000000000334,-865.1213606576465
43.600000000000335,-870.9920226413682
43.70000000000034,-876.8837902728476
43.80000000000034,-882.7966787395745
43.90000000000034,-888.7307040912727
44.00000000000034,-894.6858832780354
44.10000000000034,-900.662234189607
44.200000000000344,-906.6597756958834
44.300000000000345,-912.678527688598
44.40000000000035,-918.7185111242901
44.50000000000035,-924.7797480685183
44.60000000000035,-930.8622617413988
44.70000000000035,-936.9660765644713
44.80000000000035,-943.091218208921
44.900000000000354,-949.2377136452177
45.000000000000355,-955.1482465551654
45.10000000000036,-961.3197369609096
45.20000000000036,-967.5115813877442
45.30000000000036,-973.7237543979675
45.40000000000036,-979.9562294630892
45.50000000000036,-986.2089789204717
45.600000000000364,-992.4819739284446
45.700000000000365,-998.7751844197924
45.80000000000037,-1005.0885790536232
45.90000000000037,-1011.4221251655382
46.00000000000037,-1017.7757887160768
46.10000000000037,-1024.149534237377
46.20000000000037,-1030.5433247780343
46.300000000000374,-1036.9571218460671
46.400000000000375,-1043.3908853499668
46.50000000000038,-1049.844573537803
46.60000000000038,-1056.3181429342785
46.70000000000038,-1062.811548275743
46.80000000000038,-1069.3247424430717
46.90000000000038,-1075.857676392373
47.000000000000384,-1082.7856793843869
47.100000000000385,-1089.383166499033
47.20000000000039,-1096.0017542901664
47.30000000000039,-1102.641466515179
47.40000000000039,-1109.3023284222977
47.50000000000039,-1115.9843668195276
47.60000000000039,-1122.6876101461655
47.700000000000394,-1129.4120885469483
47.800000000000395,-1136.157833948943
47.9000000000004,-1142.92488014124
48.0000000000004,-1149.7132628575512
48.1000000000004,-1156.523019861803
48.2000000000004,-1163.3541910367794
48.3000000000004,-1170.2068184759805
48.400000000000404,-1177.0809465787154
48.500000000000405,-1183.9766221485625
48.600000000000406,-1190.8938944953252
48.70000000000041,-1197.3271780191405
48.80000000000041,-1204.2540029586278
48.90000000000041,-1211.2005411771647
49.00000000000041,-1218.1667416880466
49.10000000000041,-1225.1525511890463
49.200000000000415,-1232.1579139589933
49.300000000000416,-1239.1827717502042
49.40000000000042,-1246.2270636766802
49.50000000000042,-1253.2907260979189
49.60000000000042,-1260.373692498165
49.70000000000042,-1267.4758933610215
49.80000000000042,-1274.5972560391958
49.900000000000425,-1281.7377046192669
50.000000000000426,-1288.8971597813188
50.10000000000043,-1296.0755386532478
50.20000000000043,-1303.9377430358595
50.30000000000043,-1311.1984149956324
50.40000000000043,-1318.4804864813827
50.50000000000043,-1325.7840119753757
50.600000000000435,-1333.109049266347
50.700000000000436,-1340.455659610036
50.80000000000044,-1347.8239078965157
50.90000000000044,-1355.2138628245643
51.00000000000044,-1362.6255970832656
51.10000000000044,-1370.0591875412347
51.20000000000044,-1377.5147154436115
51.300000000000445,-1384.9922666172313
51.400000000000446,-1391.7023129780907
51.50000000000045,-1399.1700203741193
51.60000000000045,-1406.6566177021043
51.70000000000045,-1414.1620137522052
51.80000000000045,-1421.6861126891556
51.90000000000045,-1429.2288138230867
52.000000000000455,-1436.7900113701364
52.100000000000456,-1444.3695942024156
52.20000000000046,-1451.9674455870145
52.30000000000046,-1459.5834429134904
52.40000000000046,-1468.106593560832
52.50000000000046,-1475.8211445731026
52.60000000000046,-1483.557523439927
52.700000000000465,-1491.3158266803732
52.800000000000466,-1499.0961568880587
52.90000000000047,-1506.8986230543362
53.00000000000047,-1514.7233409068997
53.10000000000047,-1522.5704332645491
53.20000000000047,-1530.4400304087908
53.30000000000047,-1537.3291905951323
53.400000000000475,-1545.1714844599198
53.500000000000476,-1553.0318138237367
53.60000000000048,-1560.9100359701479
53.70000000000048,-1568.80600009715
53.80000000000048,-1576.7195468725854
53.90000000000048,-1584.650507967288
54.00000000000048,-1592.59870556491
54.100000000000485,-1601.6859140872316
54.200000000000486,-1609.751837096382
54.30000000000049,-1617.8402554441657
54.40000000000049,-1625.951328587781
54.50000000000049,-1634.0852265860574
54.60000000000049,-1642.242130718729
54.70000000000049,-1650.4222341388872
54.800000000000495,-1657.392579706418
54.900000000000496,-1665.524611784103
55.0000000000005,-1673.6736179089696
55.1000000000005,-1681.8393801137656
55.2000000000005,-1690.0216667568814
55.3000000000005,-1698.2202316946557
55.4000000000005,-1707.7538074649174
55.500000000000504,-1716.0892661889325
55.600000000000506,-1724.4480602356168
55.70000000000051,-1732.8304321450757
55.80000000000051,-1741.2366416977256
55.90000000000051,-1749.666967018877
56.00000000000051,-1756.6482398735964
56.10000000000051,-1765.0066006845507
56.200000000000514,-1773.3806306643507
56.300000000000516,-1781.7700060569473
56.40000000000052,-1791.6312879158472
56.50000000000052,-1800.1744910547548
56.60000000000052,-1808.7419562366406
56.70000000000052,-1817.334026089766
56.80000000000052,-1825.951069415767
56.900000000000524,-1832.977256073672
57.000000000000526,-1841.503453396115
57.10000000000053,-1850.044057954736
57.20000000000053,-1858.5986262996953
57.30000000000053,-1868.8675760097144
57.40000000000053,-1877.6029395363869
57.50000000000053,-1886.364052537003
57.600000000000534,-1893.4674230258258
57.700000000000536,-1902.1234257998995
57.80000000000054,-1910.7926421432292
57.90000000000054,-1919.4744975982321
58.00000000000054,-1930.0384218616302
58.10000000000054,-1938.9243409724213
58.20000000000054,-1947.8375601871294
58.300000000000544,-1954.8380835826094
58.400000000000546,-1963.6145830056053
58.50000000000055,-1974.2670290485275
58.60000000000055,-1983.2570368733689
58.70000000000055,-1992.2754241002942
58.80000000000055,-1999.3095788090004
58.90000000000055,-2008.1739718783497
59.000000000000554,-2019.0478836180318
59.100000000000556,-2028.1486402856142
59.20000000000056,-2035.263152900575
59.30000000000056,-2044.1986837213412
59.40000000000056,-2055.2044902211906
59.50000000000056,-2064.3933736589343
59.60000000000056,-2071.4746444891216
59.700000000000564,-2080.474580981325
59.800000000000566,-2091.7310215587277
59.90000000000057,-2098.88223583524
60.00000000000057,-2107.9335490350163
60.10000000000057,-2119.288946141811
60.20000000000057,-2126.4218099797527
60.30000000000057,-2135.5186819492687
60.400000000000574,-2147.069633809869
60.500000000000576,-2154.0879605614386
60.60000000000058,-2165.609925393989
60.70000000000058,-2172.7012626805717
60.80000000000058,-2184.2601467191794
60.90000000000058,-2191.3599440502767
61.00000000000058,-2203.020210256251
61.100000000000584,-2210.0625139881554
61.200000000000585,-2221.8928823997344
61.30000000000059,-2228.80452488539
61.40000000000059,-2238.3240760327435
61.50000000000059,-2250.288098291877
61.60000000000059,-2259.7325152794265
61.70000000000059,-2269.215207662951
61.800000000000594,-2276.1852616147457
61.900000000000595,-2285.720134771456
62.0000000000006,-2297.8846278610554
62.1000000000006,-2307.5160195895182
62.2000000000006,-2317.1874235874307
62.3000000000006,-2324.0528842636004
62.4000000000006,-2336.4646565003436
62.500000000000604,-2346.0898679321162
62.600000000000605,-2355.7736807822926
62.70000000000061,-2365.5159642517215
62.80000000000061,-2372.3872877651097
62.90000000000061,-2382.1240345633946
63.00000000000061,-2394.733940319323
63.10000000000061,-2404.522643186532
63.200000000000614,-2411.3831936208517
63.300000000000615,-2421.1877276830332
63.40000000000062,-2434.0297875235697
63.50000000000062,-2443.8893175939575
63.60000000000062,-2453.76343319023
63.70000000000062,-2463.661429851913
63.80000000000062,-2473.5846965532796
63.900000000000624,-2483.5281900319183
64.00000000000063,-2493.4930860982686
64.10000000000062,-2503.462819529233
64.20000000000061,-2513.4515602910465
64.30000000000061,-2523.4592979637705
64.4000000000006,-2533.4860223542846
64.5000000000006,-2543.5317234989348
64.60000000000059,-2553.596391666205
64.70000000000059,-2563.6800173593265
64.80000000000058,-2573.7825913189686
64.90000000000057,-2583.9041045258177
65.00000000000057,-2594.0445482032915
65.10000000000056,-2604.2039138201317
65.20000000000056,-2614.382193093034
65.30000000000055,-2624.579377989315
65.40000000000055,-2634.795460729486
65.50000000000054,-2645.0304337899097
65.60000000000053,-2655.2842899054467
65.70000000000053,-2665.557022072005
65.80000000000052,-2675.8486235492314
65.90000000000052,-2686.1590878630454
66.00000000000051,-2696.488408808331
66.1000000000005,-2706.8365804514724
66.2000000000005,-2717.2035971330015
66.3000000000005,-2727.5894534701556
66.40000000000049,-2737.994144359532
66.50000000000048,-2748.4176649796254
66.60000000000048,-2758.860010793461
66.70000000000047,-2769.3211775511318
66.80000000000047,-2779.8011612924515
66.90000000000046,-2790.2925499267767
67.00000000000045,-2800.809053190512
67.10000000000045,-2811.344242340366
67.20000000000044,-2821.898105728669
67.30000000000044,-2832.4706316518614
67.40000000000043,-2843.0618083485347
67.50000000000043,-2853.6716239975326
67.60000000000042,-2864.3000667160336
67.70000000000041,-2874.9471245575487
67.80000000000041,-2885.612785509991
67.9000000000004,-2896.2970374936717
68.0000000000004,-2906.9998683593003
68.10000000000039,-2917.7212658859116
68.20000000000039,-2928.4612177788613
68.30000000000038,-2939.2197116677708
68.40000000000038,-2949.996735104378
68.50000000000037,-2960.792275560511
68.60000000000036,-2971.6063204259226
68.70000000000036,-2982.4388570061515
68.80000000000035,-2993.2898725204013
68.90000000000035,-3004.1593540992963
69.00000000000034,-3015.047288782798
69.10000000000034,-3025.953663517837
69.20000000000033,-3036.87846515626
69.30000000000032,-3047.821680452449
69.40000000000032,-3058.7832960611004
69.50000000000031,-3069.76329853496
69.6000000000003,-3080.7616743224794
69.7000000000003,-3091.7784097655513
69.8000000000003,-3102.8134910971157
69.90000000000029,-3113.866904438858
70.00000000000028,-3124.9386357987646
70.10000000000028,-3136.0286710688174
70.20000000000027,-3147.136996022517
70.30000000000027,-3158.2635963124976
70.40000000000026,-3169.408457468073
70.50000000000026,-3180.571564892749
70.60000000000025,-3191.752903861791
70.70000000000024,-3202.952459519686
70.80000000000024,-3214.1702168776455
70.90000000000023,-3225.4061608110915
71.00000000000023,-3236.6602760570545
71.10000000000022,-3247.9325472116734
71.20000000000022,-3259.222958727589
71.30000000000021,-3270.531494911292
71.4000000000002,-3281.8581399205686
71.5000000000002,-3293.202877761866
71.6000000000002,-3304.5656922875924
71.70000000000019,-3315.9465671934727
71.80000000000018,-3327.3454860158663
71.90000000000018,-3338.762432129065
72.00000000000017,-3350.1973887425434
72.10000000000016,-3361.65033889827
72.20000000000016,-3373.121265467912
72.30000000000015,-3384.6101511500674
72.40000000000015,-3396.1169784674835
72.50000000000014,-3407.6417297642724
72.60000000000014,-3419.184387203058
72.70000000000013,-3430.7449327621484
72.80000000000013,-3442.3233482326536
72.90000000000012,-3453.91961521569
73.00000000000011,-3465.6270747474473
73.10000000000011,-3477.2645802894467
73.2000000000001,-3488.920152008439
73.3000000000001,-3500.5937808739077
73.40000000000009,-3512.285457925056
73.50000000000009,-3523.995174272464
73.60000000000008,-3535.722921099993
73.70000000000007,-3547.4686896665116
73.80000000000007,-3559.232471307776
73.90000000000006,-3571.014257438264
74.00000000000006,-3582.814039553123
74.10000000000005,-3594.6318092299957
74.20000000000005,-3606.4675581310617
74.30000000000004,-3618.3212780049193
74.40000000000003,-3630.1929606886215
74.50000000000003,-3642.08259810971
74.60000000000002,-3653.9901822882125
74.70000000000002,-3665.915705338751
74.80000000000001,-3677.85915947265
74.9,-3689.820536999994
75.0,-3701.7998303318777
75.1,-3713.797031982514
75.19999999999999,-3725.8121345714744
75.29999999999998,-3737.845130825882
75.39999999999998,-3749.896013582751
75.49999999999997,-3761.964775791173
75.59999999999997,-3774.0514105147313
75.69999999999996,-3786.1559109337873
75.79999999999995,-3798.2782703478397
75.89999999999995,-3810.418482178
75.99999999999994,-3822.576539969322
76.09999999999994,-3834.752437393367
76.19999999999993,-3846.946168250588
76.29999999999993,-3859.1577264729267
76.39999999999992,-3871.3871061262694
76.49999999999991,-3883.634301413129
76.59999999999991,-3895.8993066751555
76.6999999999999,-3908.1821163957984
76.7999999999999,-3920.4827252029663
76.89999999999989,-3932.801127871743
76.99999999999989,-3945.1373193270488
77.09999999999988,-3957.491294646455
77.19999999999987,-3969.8630490629
77.29999999999987,-3982.252577967548
77.39999999999986,-3994.659876912588
77.49999999999986,-4007.0849416141764
77.59999999999985,-4019.527767955231
77.69999999999985,-4031.9883519884334
77.79999999999984,-4044.466689939189
77.89999999999984,-4056.962778208591
77.99999999999983,-4069.476613376472
78.09999999999982,-4082.008192204408
78.19999999999982,-4094.5575116388995
78.29999999999981,-4107.1245688143745
78.3999999999998,-4119.709361056422
78.4999999999998,-4132.311885884951
78.5999999999998,-4144.93214101737
78.69999999999979,-4157.570124371891
78.79999999999978,-4170.225834070743
78.89999999999978,-4182.899268443551
78.99999999999977,-4195.590426030588
79.09999999999977,-4208.2993055862225
79.19999999999976,-4221.025906082328
79.29999999999976,-4233.770226711661
79.39999999999975,-4246.5322668913695
79.49999999999974,-4258.970382910749
79.59999999999974,-4271.753492229497
79.69999999999973,-4284.553809405891
79.79999999999973,-4297.371319821766
79.89999999999972,-4310.2060087545615
79.99999999999972,-4323.0578613751095
80.09999999999971,-4335.9268627452375
80.1999999999997,-4348.812997815403
80.2999999999997,-4361.716251422239
80.3999999999997,-4374.6366082861305
80.49999999999969,-4387.574053008672
80.59999999999968,-4400.528570070169
80.69999999999968,-4413.500143827059
80.79999999999967,-4426.488758509228
80.89999999999966,-4439.494398217491
80.99999999999966,-4452.517046920732
81.09999999999965,-4465.556688453344
81.19999999999965,-4478.613306512294
81.29999999999964,-4491.686884654454
81.39999999999964,-4504.77740629361
81.49999999999963,-4517.884854697709
81.59999999999962,-4531.009212985803
81.69999999999962,-4544.150464125126
81.79999999999961,-4557.308590928069
81.89999999999961,-4570.483576049109
81.9999999999996,-4583.67540198173
82.0999999999996,-4596.884051055216
82.19999999999959,-4610.109505431527
82.29999999999959,-4623.351747102021
82.39999999999958,-4636.610757884157
82.49999999999957,-4649.886519418242
82.59999999999957,-4663.179013164003
82.69999999999956,-4676.488220397147
82.79999999999956,-4689.814122205988
82.89999999999955,-4703.156699487877
82.99999999999955,-4716.515932945641
83.09999999999954,-4729.891803084018
83.19999999999953,-4743.284290206029
83.29999999999953,-4756.693374409171
83.39999999999952,-4770.1190355818335
83.49999999999952,-4783.561253399398
83.59999999999951,-4797.020007320441
83.6999999999995,-4810.495276582842
83.7999999999995,-4823.987040199797
83.8999999999995,-4837.495276955936
83.99999999999949,-4851.019965403215
84.09999999999948,-4864.561083856796
84.19999999999948,-4878.118610391021
84.29999999999947,-4891.692522835115
84.39999999999947,-4905.2827987690025
84.49999999999946,-4918.889415519002
84.59999999999945,-4932.512350153479
84.69999999999945,-4946.151579478452
84.79999999999944,-4959.807080033168
84.89999999999944,-4973.478828085538
84.99999999999943,-4987.166799627648
85.09999999999943,-5000.870970371134
85.19999999999942,-5015.323558756201
85.29999999999941,-5029.0863857226395
85.39999999999941,-5042.866160106878
85.4999999999994,-5056.662878354463
85.5999999999994,-5070.476537090315
85.69999999999939,-5084.307133122402
85.79999999999939,-5098.154663445328
85.89999999999938,-5112.019125244032
85.99999999999937,-5125.900515897652
86.09999999999937,-5139.7988329833
86.19999999999936,-5153.714074279901
86.29999999999936,-5167.646237772257
86.39999999999935,-5181.595321655003
86.49999999999935,-5195.561324336696
86.59999999999934,-5209.544244443907
86.69999999999933,-5223.544080825498
86.79999999999933,-5237.560832556867
86.89999999999932,-5251.594498944249
86.99999999999932,-5265.645079529161
87.09999999999931,-5279.712574092817
87.1999999999993,-5293.796982660727
87.2999999999993,-5307.898305507202
87.3999999999993,-5322.016543160121
87.49999999999929,-5336.151696405623
87.59999999999928,-5350.303766292873
87.69999999999928,-5364.472754139081
87.79999999999927,-5378.658661534261
87.89999999999927,-5392.8614903464095
87.99999999999926,-5407.081242726535
88.09999999999926,-5421.317921113828
88.19999999999925,-5435.571528240929
88.29999999999924,-5449.842067139236
88.39999999999924,-5464.12954114431
88.49999999999923,-5478.433953901355
88.59999999999923,-5492.755309370732
88.69999999999922,-5507.0936118336485
88.79999999999922,-5521.4488658978435
88.89999999999921,-5535.821076503345
88.9999999999992,-5550.210248928445
89.0999999999992,-5564.616388795525
89.19999999999919,-5579.039502077188
89.29999999999919,-5593.4795951023425
89.39999999999918,-5607.936674562427
89.49999999999918,-5622.410747517685
89.59999999999917,-5636.901821403578
89.69999999999916,-5651.409904037197
89.79999999999916,-5665.935003623886
89.89999999999915,-5680.477128763822
89.99999999999915,-5693.822739964767
90.09999999999914,-5708.358306404099
90.19999999999914,-5722.909722127982
90.29999999999913,-5737.47696624821
90.39999999999912,-5752.060017617224
90.49999999999912,-5766.658854822747
90.59999999999911,-5781.273456182116
90.69999999999911,-5795.903799736492
90.7999999999991,-5810.5498632452145
90.8999999999991,-5825.2116241797585
90.99999999999909,-5839.889059717849
91.09999999999908,-5854.582146737292
91.19999999999908,-5869.290861809817
91.29999999999907,-5884.015181194757
91.39999999999907,-5898.755080832663
91.49999999999906,-5913.510536338774
91.59999999999906,-5928.28152299643
91.69999999999905,-5943.0680157502975
91.79999999999905,-5957.869989199632
91.89999999999904,-5972.687417591204
91.99999999999903,-5987.520274812384
92.09999999999903,-6002.368534383854
92.19999999999902,-6017.232169452394
92.29999999999902,-6032.111152783518
92.39999999999901,-6047.005456753824
92.499999999999,-6061.91505334356
92.599999999999,-6076.839914128645
92.699999999999,-6091.780010272961
92.79999999999899,-6106.73531252031
92.89999999999898,-6121.70579118625
92.99999999999898,-6136.691416149869
93.09999999999897,-6151.692156845423
93.19999999999897,-6166.70798225385
93.29999999999896,-6181.738860894068
93.39999999999895,-6196.78476081421
93.49999999999895,-6211.845649582834
93.59999999999894,-6226.9214942797125
93.69999999999894,-6242.012261486821
93.79999999999893,-6257.117917278879
93.89999999999893,-6272.238427214018
93.99999999999892,-6289.106070568192
94.09999999999891,-6304.312611658171
94.19999999999891,-6319.535549658697
94.2999999999989,-6334.774890712303
94.3999999999989,-6350.030641363602
94.49999999999889,-6365.302808567872
94.59999999999889,-6380.591399699498
94.69999999999888,-6395.896422561013
94.79999999999887,-6411.21788539178
94.89999999999887,-6426.555796877244
94.99999999999886,-6441.910166158175
95.09999999999886,-6457.281002840019
95.19999999999885,-6472.668317002581
95.29999999999885,-6488.072119209751
95.39999999999884,-6503.492420519436
95.49999999999883,-6518.929232493679
95.59999999999883,-6534.382567208973
95.69999999999882,-6549.852437266681
95.79999999999882,-6565.3388558037295
95.89999999999881,-6580.841836503435
95.9999999999988,-6596.361393606522
96.0999999999988,-6611.897541922335
96.1999999999988,-6627.450296840289
96.29999999999879,-6643.019674341471
96.39999999999878,-6658.605691010376
96.49999999999878,-6674.208364046997
96.59999999999877,-6689.8277112789965
96.69999999999877,-6705.463751174142
96.79999999999876,-6721.116502852956
96.89999999999876,-6736.785986101536
96.99999999999875,-6752.472221384582
97.09999999999874,-6768.175229858801
97.19999999999874,-6783.895033386259
97.29999999999873,-6799.631654548203
97.39999999999873,-6813.091487983727
97.49999999999872,-6828.787446922505
97.59999999999872,-6844.498108587726
97.69999999999871,-6860.223440785751
97.7999999999987,-6875.963410757678
97.8999999999987,-6891.717985166687
97.99999999999869,-6907.487130084949
98.09999999999869,-6923.2708109805335
98.19999999999868,-6939.068992703818
98.29999999999868,-6954.8816394737505
98.39999999999867,-6970.708714863957
98.49999999999866,-6986.550181788417
98.59999999999866,-7002.40600248694
98.69999999999865,-7018.276138510369
98.79999999999865,-7034.16055070546
98.89999999999864,-7050.059199199629
98.99999999999864,-7065.9720433851835
99.09999999999863,-7081.899041903451
99.19999999999862,-7097.840152628566
99.29999999999862,-7113.795332650883
99.39999999999861,-7129.764538260192
99.49999999999861,-7145.747724928525
99.5999999999986,-7161.744847292773
99.6999999999986,-7177.755859136767
99.79999999999859,-7193.780713373375
99.89999999999858,-7209.819362025918
99.99999999999858,-7225.87175620951
100.09999999999857,-7241.937846111857
100.19999999999857,-7258.017580973933
100.29999999999856,-7276.990323924177
100.39999999999856,-7293.191414421797
100.49999999999855,-7309.408812317144
100.59999999999854,-7325.642539500735
100.69999999999854,-7341.892618685948
100.79999999999853,-7358.159073427914
100.89999999999853,-7374.441928143043
100.99999999999852,-7390.741208128725
